City_ID,City,Country,Lat,Lng,Max Temp,Humidity,Cloudiness,Wind Speed,Current Description
0,Bambous Virieux,MU,-20.3428,57.7575,77.0,94,20,5.75,few clouds
1,Atuona,PF,-9.8,-139.0333,80.4,77,87,18.9,overcast clouds
2,Chokurdakh,RU,70.6333,147.9167,-13.92,96,98,5.84,overcast clouds
3,Rikitea,PF,-23.1203,-134.9692,79.54,70,9,13.76,clear sky
4,Avarua,CK,-21.2078,-159.775,86.0,79,75,18.41,broken clouds
5,Masvingo,ZW,-20.0637,30.8277,57.96,83,1,4.61,clear sky
6,Guerrero Negro,MX,27.9769,-114.0611,62.01,59,0,15.21,clear sky
7,Port Blair,IN,11.6667,92.75,80.46,79,10,4.61,clear sky
8,Hithadhoo,MV,-0.6,73.0833,82.72,71,100,11.81,overcast clouds
9,Laguna,US,38.421,-121.4238,69.8,16,1,5.57,clear sky
10,Te Anau,NZ,-45.4167,167.7167,62.96,59,46,2.28,scattered clouds
11,Hilo,US,19.7297,-155.09,84.2,51,40,16.11,scattered clouds
12,Nenjiang,CN,49.1833,125.2167,37.13,65,100,5.19,overcast clouds
13,Ushuaia,AR,-54.8,-68.3,42.8,75,20,36.82,few clouds
14,Vaini,TO,-21.2,-175.2,75.2,100,90,6.91,moderate rain
15,Champerico,GT,14.3,-91.9167,87.8,66,40,9.22,scattered clouds
16,Fortuna,US,40.5982,-124.1573,53.01,81,90,12.66,overcast clouds
17,Boa Vista,BR,2.8197,-60.6733,80.6,78,75,2.3,light rain
18,Bluff,NZ,-46.6,168.3333,60.01,79,16,1.99,few clouds
19,Hasaki,JP,35.7333,140.8333,61.0,67,75,8.05,broken clouds
20,Russell,US,32.3502,-85.1999,69.8,88,75,2.57,broken clouds
21,Kenda,IN,23.2,86.5333,76.23,23,5,6.78,clear sky
22,Port Alfred,ZA,-33.5906,26.891,68.99,84,100,16.11,light rain
23,Busselton,AU,-33.65,115.3333,59.41,72,2,4.97,clear sky
24,Klaksvik,FO,62.2266,-6.589,41.0,81,20,4.61,few clouds
25,Cape Town,ZA,-33.9258,18.4232,66.0,82,0,1.14,clear sky
26,Pishva,IR,35.308,51.7267,69.8,32,90,18.41,overcast clouds
27,New Norfolk,AU,-42.7826,147.0587,64.0,73,100,5.01,light rain
28,Half Moon Bay,US,37.4636,-122.4286,63.0,82,1,9.22,haze
29,Ancud,CL,-41.8697,-73.8203,53.01,88,7,8.99,clear sky
30,Nishihara,JP,26.1842,127.7558,69.8,73,20,11.5,few clouds
31,Carauari,BR,-4.8828,-66.8958,73.18,97,90,2.46,overcast clouds
32,Punta Arenas,CL,-53.15,-70.9167,46.4,76,75,21.85,broken clouds
33,Labuhan,ID,-6.8844,112.2051,79.2,82,100,4.12,overcast clouds
34,Sorland,NO,67.667,12.6934,37.4,81,75,29.93,light rain
35,Ixtapa,MX,20.7,-105.2,75.2,53,75,12.66,broken clouds
36,Khatanga,RU,71.9667,102.5,-8.23,96,99,3.47,overcast clouds
37,Hermanus,ZA,-34.4187,19.2345,66.99,83,4,8.01,clear sky
38,Orneta,PL,54.1148,20.1333,34.75,91,59,6.64,broken clouds
39,Ust-Maya,RU,60.4167,134.5333,-6.16,96,100,0.81,overcast clouds
40,Truth Or Consequences,US,33.1284,-107.2528,44.6,70,75,8.05,broken clouds
41,Bouna,CI,9.2667,-3.0,79.48,63,36,7.02,scattered clouds
42,Ostrovnoy,RU,68.0531,39.5131,35.8,87,98,23.02,overcast clouds
43,Hobart,AU,-42.8794,147.3294,64.0,88,75,8.05,light rain
44,Airai,TL,-8.9266,125.4092,68.0,77,53,1.66,broken clouds
45,Vao,NC,-22.6667,167.4833,76.41,68,79,14.03,broken clouds
46,Henties Bay,NA,-22.116,14.2845,62.01,94,7,5.01,clear sky
47,Juazeiro,BR,-9.4117,-40.4986,87.8,35,0,6.91,clear sky
48,Butaritari,KI,3.0707,172.7902,81.59,79,65,17.09,light rain
49,Castro,BR,-24.7911,-50.0119,64.44,94,83,4.21,broken clouds
50,Kodiak,US,57.79,-152.4072,44.6,57,40,10.36,scattered clouds
51,Mbandaka,CD,0.0487,18.2603,71.87,98,100,1.74,moderate rain
52,Tyazhinskiy,RU,56.116,88.524,24.3,86,100,15.14,overcast clouds
53,Ponta Do Sol,PT,32.6667,-17.1,57.99,63,100,1.99,overcast clouds
54,Vestmanna,FO,62.1564,-7.1664,41.0,81,20,4.61,few clouds
55,Kapaa,US,22.0752,-159.319,79.0,83,75,18.41,broken clouds
56,Pochutla,MX,15.7432,-96.4661,84.99,59,2,5.01,clear sky
57,Codrington,AU,-38.2667,141.9667,61.3,74,76,15.03,broken clouds
58,Bambanglipuro,ID,-7.95,110.2833,78.8,82,100,3.2,overcast clouds
59,Aklavik,CA,68.2191,-135.0107,15.8,53,100,3.44,overcast clouds
60,Morondava,MG,-20.2833,44.2833,76.28,79,5,5.35,clear sky
61,Granadilla De Abona,ES,28.1188,-16.576,68.0,52,0,10.36,clear sky
62,Sola,VU,-13.8833,167.55,81.03,72,79,3.96,broken clouds
63,Mehamn,NO,71.0357,27.8492,32.43,84,77,16.64,broken clouds
64,Viedma,AR,-40.8135,-62.9967,61.38,60,100,14.07,overcast clouds
65,Roura,GF,4.7263,-52.3274,81.0,78,49,4.61,scattered clouds
66,Los Llanos De Aridane,ES,28.6585,-17.9182,64.99,77,0,5.75,clear sky
67,Haigerloch,DE,48.3661,8.8036,39.0,72,21,5.99,few clouds
68,Chapais,CA,49.7834,-74.8492,48.2,46,90,5.75,overcast clouds
69,Kargil,IN,34.5667,76.1,4.82,86,20,3.67,few clouds
70,Gloversville,US,43.0528,-74.3438,51.01,100,90,8.97,moderate rain
71,Esperance,AU,-33.8667,121.9,55.4,88,58,10.36,broken clouds
72,Albany,US,42.6001,-73.9662,52.0,84,100,4.0,moderate rain
73,Nikolskoye,RU,59.7035,30.7861,39.0,81,90,8.95,overcast clouds
74,Poum,NC,-20.2333,164.0167,80.2,75,37,19.01,scattered clouds
75,Santa Rosa,PH,14.3122,121.1114,84.0,74,20,3.44,few clouds
76,Adrar,MR,20.5022,-10.0711,72.39,11,0,12.68,clear sky
77,Santa Isabel Do Rio Negro,BR,-0.4139,-65.0192,73.72,95,60,2.75,moderate rain
78,Thompson,CA,55.7435,-97.8558,12.2,48,75,11.5,broken clouds
79,Olafsvik,IS,64.8945,-23.7142,30.52,65,93,11.59,overcast clouds
80,Bredasdorp,ZA,-34.5322,20.0403,66.2,88,99,6.91,overcast clouds
81,Clyde River,CA,70.4692,-68.5914,-13.0,77,75,14.97,broken clouds
82,Fenoarivo,MG,-18.933,47.4354,64.4,94,40,6.91,scattered clouds
83,Dingle,PH,10.9995,122.6711,80.78,79,100,11.99,overcast clouds
84,Constitucion,CL,-35.3333,-72.4167,54.7,83,7,15.05,clear sky
85,Daru,PG,-9.0763,143.2092,81.91,81,100,2.17,overcast clouds
86,Qaanaaq,GL,77.484,-69.3632,-20.33,55,19,7.72,few clouds
87,Mataura,NZ,-46.1927,168.8643,60.01,79,8,1.99,clear sky
88,Rocha,UY,-34.4833,-54.3333,62.65,90,10,6.46,clear sky
89,Arraial Do Cabo,BR,-22.9661,-42.0278,77.0,88,0,4.61,clear sky
90,Churapcha,RU,62.0025,132.4325,-9.56,97,100,3.53,overcast clouds
91,Yulara,AU,-25.2406,130.9889,71.6,64,2,12.66,clear sky
92,Hibbing,US,47.4272,-92.9377,33.8,86,90,12.66,overcast clouds
93,Pachino,IT,36.7186,15.0907,41.0,81,5,4.61,clear sky
94,Kargasok,RU,59.0556,80.8572,26.31,92,96,9.17,overcast clouds
95,Ossora,RU,59.2353,163.0719,19.09,92,100,3.91,snow
96,Kokopo,PG,-4.352,152.2633,83.84,65,90,2.35,overcast clouds
97,Stovring,DK,56.8854,9.8384,42.8,93,75,12.66,broken clouds
98,Tateyama,JP,34.9833,139.8667,62.01,63,75,5.75,broken clouds
99,Mar Del Plata,AR,-38.0023,-57.5575,71.01,94,20,4.61,mist
100,Padang,ID,-0.9492,100.3543,75.2,100,40,3.47,scattered clouds
101,Vung Tau,VN,10.346,107.0843,79.79,79,88,16.24,overcast clouds
102,Paramonga,PE,-10.6667,-77.8333,71.51,80,59,9.69,broken clouds
103,Jalu,LY,29.0331,21.5482,51.48,56,2,8.66,clear sky
104,Cidreira,BR,-30.1811,-50.2056,73.36,76,53,8.9,broken clouds
105,Longyearbyen,SJ,78.2186,15.6401,26.6,74,75,12.66,light snow
106,Smithers,CA,54.7804,-127.1743,39.2,81,90,4.61,overcast clouds
107,Havelock,US,34.8791,-76.9013,64.0,89,100,3.0,overcast clouds
108,Kaitangata,NZ,-46.2817,169.8464,62.01,92,58,11.01,broken clouds
109,Torbay,CA,47.6666,-52.7314,37.0,75,75,3.44,broken clouds
110,Shimoda,JP,34.6667,138.95,60.8,63,75,5.75,heavy intensity rain
111,Brodick,GB,55.5754,-5.1472,46.4,81,20,10.36,few clouds
112,Vila Velha,BR,-20.3297,-40.2925,78.8,83,40,2.3,scattered clouds
113,Nanortalik,GL,60.1432,-45.2371,18.28,55,25,32.95,scattered clouds
114,Barrow,US,71.2906,-156.7887,-5.8,77,1,5.75,clear sky
115,Carballo,ES,43.213,-8.691,46.99,100,0,4.61,clear sky
116,Shingu,JP,33.7333,135.9833,53.6,87,75,8.05,moderate rain
117,Tabou,CI,4.423,-7.3528,77.99,88,83,2.48,broken clouds
118,Flinders,AU,-34.5833,150.8552,77.0,62,70,5.01,broken clouds
119,Chuy,UY,-33.6971,-53.4616,66.63,83,8,7.99,clear sky
120,Pevek,RU,69.7008,170.3133,-12.59,90,100,2.57,overcast clouds
121,Salalah,OM,17.0151,54.0924,77.0,83,20,5.75,few clouds
122,Puerto Ayora,EC,-0.7393,-90.3518,80.01,87,32,1.01,light rain
123,Iqaluit,CA,63.7506,-68.5145,-18.0,69,75,7.36,broken clouds
124,Usinsk,RU,65.9939,57.5281,25.29,94,84,14.0,broken clouds
125,Itarema,BR,-2.9248,-39.9167,77.63,84,95,7.09,overcast clouds
126,Brewster,US,41.3973,-73.6171,50.0,91,100,5.73,moderate rain
127,Jamestown,US,42.097,-79.2353,64.4,55,75,11.21,broken clouds
128,Pitimbu,BR,-7.4706,-34.8086,75.2,100,75,9.22,broken clouds
129,Majene,ID,-3.5403,118.9707,79.86,82,99,2.48,overcast clouds
130,Sioux Lookout,CA,50.1001,-91.917,28.4,80,90,11.5,light snow
131,Port Hardy,CA,50.6996,-127.4199,44.6,93,90,8.05,light rain
132,Tiksi,RU,71.6872,128.8694,-21.23,95,62,4.34,broken clouds
133,Kloulklubed,PW,7.0419,134.2556,82.4,83,75,10.36,broken clouds
134,Baykit,RU,61.67,96.37,19.92,96,100,2.53,light snow
135,Marawi,PH,7.9986,124.2928,73.69,74,88,1.66,overcast clouds
136,Tuatapere,NZ,-46.1333,167.6833,60.01,79,7,1.99,clear sky
137,Santo Domingo,DO,18.5001,-69.9886,80.01,78,40,4.61,scattered clouds
138,Harper,LR,4.375,-7.7169,78.49,88,64,3.02,broken clouds
139,College,US,64.8569,-147.8028,27.0,79,90,5.75,light snow
140,Ukwa,IN,21.9667,80.4667,70.84,31,1,2.44,clear sky
141,Caravelas,BR,-17.7125,-39.2481,75.87,82,0,5.86,clear sky
142,Coihaique,CL,-45.5752,-72.0662,53.6,58,20,4.61,few clouds
143,Belaya Gora,RU,68.5333,146.4167,-13.47,92,99,3.38,overcast clouds
144,Yellowknife,CA,62.456,-114.3525,8.6,52,1,11.5,clear sky
145,Storsteinnes,NO,69.2408,19.2344,39.2,81,75,17.27,light rain
146,Kavaratti,IN,10.5669,72.642,81.95,76,59,4.36,broken clouds
147,Buraydah,SA,26.326,43.975,77.0,36,0,10.36,clear sky
148,Bima,ID,-8.4667,118.7167,79.93,87,59,2.13,broken clouds
149,Aleksandrov Gay,RU,50.147,48.5704,32.79,86,100,23.22,overcast clouds
150,Ivanteyevka,RU,55.9711,37.9208,33.8,60,75,6.71,broken clouds
151,Hedaru,TZ,-4.5,37.9,70.12,89,33,0.74,scattered clouds
152,Payerne,CH,46.822,6.9361,37.99,75,12,1.14,few clouds
153,Ranau,MY,5.9538,116.6641,78.8,83,20,5.75,light rain
154,Semey,KZ,50.4111,80.2275,24.8,93,0,4.47,clear sky
155,Sao Joao Da Barra,BR,-21.6403,-41.0511,76.62,86,3,2.73,clear sky
156,La Ronge,CA,55.1001,-105.2842,24.8,58,100,12.66,light snow
157,Hershey,US,40.2859,-76.6503,55.99,94,90,3.69,mist
158,Griffith,US,41.5284,-87.4237,57.2,67,90,18.41,overcast clouds
159,Pimentel,PE,-6.8367,-79.9342,73.4,73,0,20.71,clear sky
160,Barranca,PE,-10.75,-77.7667,71.42,77,52,9.04,broken clouds
161,Tres Arroyos,AR,-38.3739,-60.2798,64.11,79,8,8.16,clear sky
162,Noumea,NC,-22.2763,166.4572,86.0,51,0,6.91,clear sky
163,Gat,IL,31.61,34.7642,59.0,100,40,9.37,scattered clouds
164,Sitka,US,57.0531,-135.33,37.4,87,90,10.36,light rain
165,Tuy Hoa,VN,13.0833,109.3,74.8,89,100,4.68,overcast clouds
166,Northam,GB,51.0333,-4.2167,43.0,93,72,5.01,broken clouds
167,Yuxia,CN,34.0615,108.6291,63.0,47,77,15.66,broken clouds
168,Oxford,GB,51.7522,-1.256,39.99,93,56,5.75,broken clouds
169,Birao,CF,10.2849,22.7882,82.33,38,24,2.53,few clouds
170,Oranjestad,AW,12.524,-70.027,80.6,69,20,20.71,few clouds
171,Provideniya,RU,64.3833,-173.3,19.4,73,75,15.66,broken clouds
172,Zemio,CF,5.0314,25.1361,70.11,83,71,2.82,broken clouds
173,Tasiilaq,GL,65.6145,-37.6368,8.6,56,75,11.5,broken clouds
174,Meulaboh,ID,4.1363,96.1285,75.02,86,94,3.11,overcast clouds
175,Cascavel,BR,-24.9558,-53.4553,64.67,95,81,4.79,broken clouds
176,Kaffrine,SN,14.1059,-15.5508,80.56,25,0,14.5,clear sky
177,Nicoya,CR,10.1483,-85.452,87.8,55,20,9.22,few clouds
178,Quesnel,CA,52.9999,-122.5029,46.4,61,75,5.75,broken clouds
179,Faanui,PF,-16.4833,-151.75,83.7,74,99,22.24,overcast clouds
180,Georgetown,MY,5.4112,100.3354,78.8,100,20,5.75,mist
181,Sambava,MG,-14.2667,50.1667,75.49,92,46,3.89,scattered clouds
182,Ribeira Grande,PT,38.5167,-28.7,57.02,62,21,3.65,few clouds
183,Norman Wells,CA,65.282,-126.8329,10.4,56,75,11.5,broken clouds
184,East London,ZA,-33.0153,27.9116,68.27,86,100,10.92,light rain
185,Mul,IN,20.0667,79.6667,78.64,31,1,3.8,clear sky
186,Inongo,CD,-1.95,18.2667,71.31,95,100,3.58,moderate rain
187,Alawalpur,IN,31.4328,75.6508,58.57,65,1,6.82,clear sky
188,Shakhtinsk,KZ,49.71,72.5872,19.4,86,0,6.71,clear sky
189,Souillac,MU,-20.5167,57.5167,75.2,94,20,5.75,few clouds
190,Zeya,RU,53.75,127.2667,25.9,89,100,1.07,overcast clouds
191,Ust-Nera,RU,64.5667,143.2,-4.85,89,98,4.21,overcast clouds
192,Tilichiki,RU,60.4667,166.1,14.14,85,100,10.58,overcast clouds
193,Severo-Kurilsk,RU,50.6789,156.125,27.18,61,74,14.14,broken clouds
194,Puerto Escondido,MX,15.85,-97.0667,84.2,74,1,9.22,clear sky
195,Rosarito,MX,32.3333,-117.0333,62.6,63,75,9.22,broken clouds
196,Zhangjiakou,CN,40.81,114.8794,47.26,32,2,1.63,clear sky
197,Kruisfontein,ZA,-34.0033,24.7314,69.01,82,100,4.0,overcast clouds
198,Polyarnyy,RU,69.1989,33.4478,37.4,60,0,11.18,clear sky
199,Karasburg,NA,-28.0167,18.75,68.83,47,20,8.01,few clouds
200,Tarko-Sale,RU,64.9225,77.785,-1.37,100,51,7.99,broken clouds
201,Hobyo,SO,5.3505,48.5268,77.43,64,3,11.7,clear sky
202,Khash,IR,28.2211,61.2158,58.8,35,52,2.55,broken clouds
203,Isangel,VU,-19.55,169.2667,84.2,61,75,5.75,broken clouds
204,Asyut,EG,27.181,31.1837,69.8,40,0,12.66,clear sky
205,Dauphin,CA,51.1494,-100.0502,28.4,50,1,10.36,clear sky
206,Maningrida,AU,-12.0667,134.2667,84.67,74,100,1.16,overcast clouds
207,Cururupu,BR,-1.8283,-44.8683,74.41,95,97,3.18,light rain
208,Dikson,RU,73.5069,80.5464,-7.31,100,88,3.91,overcast clouds
209,Pacific Grove,US,36.6177,-121.9166,64.4,39,1,9.22,clear sky
210,Pisco,PE,-13.7,-76.2167,71.6,73,20,21.85,few clouds
211,Kismayo,SO,-0.3582,42.5454,79.41,81,68,10.74,broken clouds
212,Quatre Cocos,MU,-20.2078,57.7625,77.0,94,20,5.75,few clouds
213,Victoria,HK,22.2855,114.1577,70.0,78,3,3.0,clear sky
214,Adre,TD,13.4667,22.2,81.07,16,8,17.6,clear sky
215,Durham,US,36.0335,-78.8664,66.2,72,90,5.75,overcast clouds
216,Paamiut,GL,61.994,-49.6678,12.96,85,100,8.79,light snow
217,Janoshaza,HU,47.1194,17.165,41.0,80,0,3.02,clear sky
218,Mildura,AU,-34.2,142.15,64.99,59,48,11.5,scattered clouds
219,Coquimbo,CL,-29.9533,-71.3436,62.6,77,20,9.22,few clouds
220,Mahebourg,MU,-20.4081,57.7,75.2,94,20,5.75,few clouds
221,Saint George,US,37.1041,-113.5841,63.0,16,1,10.36,clear sky
222,Matadi,CD,-5.8167,13.45,74.93,96,100,2.01,light rain
223,Newport,GB,51.5877,-2.9984,44.01,89,93,7.96,overcast clouds
224,Inuvik,CA,68.3499,-133.7218,15.8,53,100,3.44,overcast clouds
225,Yerbogachen,RU,61.2767,108.0108,5.56,98,100,4.07,overcast clouds
226,Srem,PL,52.0887,17.0151,39.0,93,75,3.44,mist
227,Nome,US,64.5011,-165.4064,25.0,74,75,11.5,broken clouds
228,Basco,PH,20.4487,121.9702,75.24,84,53,23.67,broken clouds
229,Porbandar,IN,21.6422,69.6093,76.86,55,0,9.08,clear sky
230,Raudeberg,NO,61.9875,5.1352,42.01,79,94,21.7,overcast clouds
231,Ures,MX,29.4333,-110.4,66.99,44,82,3.0,broken clouds
232,Edd,ER,13.9297,41.6925,85.53,21,0,16.04,clear sky
233,Vestmannaeyjar,IS,63.4427,-20.2734,35.71,53,100,2.55,overcast clouds
234,Talnakh,RU,69.4865,88.3972,15.33,94,100,10.31,light snow
235,Tagusao,PH,9.1924,117.8141,81.84,74,100,3.85,overcast clouds
236,Rio Grande,BR,-32.035,-52.0986,71.01,84,74,1.99,broken clouds
237,Leshukonskoye,RU,64.8989,45.7622,34.48,96,100,12.19,overcast clouds
238,Redlands,US,34.0556,-117.1825,73.4,12,1,14.97,clear sky
239,Cairns,AU,-16.9167,145.7667,86.0,78,86,6.91,overcast clouds
240,Rio Gallegos,AR,-51.6226,-69.2181,50.0,50,0,25.32,clear sky
241,Aksu,CN,41.1231,80.2644,49.17,24,23,4.21,few clouds
242,Saskylakh,RU,71.9167,114.0833,-4.86,92,100,8.39,overcast clouds
243,Virginia Beach,US,36.8529,-75.978,64.0,92,100,3.0,overcast clouds
244,Malaryta,BY,51.7905,24.074,33.62,74,18,2.24,few clouds
245,Chesma,RU,53.8111,60.6533,11.71,92,48,5.53,scattered clouds
246,Araguacu,BR,-12.9306,-49.8264,76.77,72,99,3.78,overcast clouds
247,Cabo San Lucas,MX,22.8909,-109.9124,73.4,59,40,17.27,scattered clouds
248,Alanya,TR,36.5438,31.9998,48.2,66,40,9.22,scattered clouds
249,Saint-Philippe,RE,-21.3585,55.7679,77.0,78,0,5.75,light rain
250,Peterhead,GB,57.5058,-1.7981,42.01,81,65,6.91,broken clouds
251,Carutapera,BR,-1.195,-46.02,75.36,93,100,5.35,light rain
252,San Patricio,US,28.017,-97.5169,77.0,78,90,13.8,overcast clouds
253,Haverfordwest,GB,51.8017,-4.9691,48.99,90,73,14.0,broken clouds
254,San Antero,CO,9.3741,-75.7589,80.6,76,73,11.83,broken clouds
255,Moose Factory,CA,51.2585,-80.6094,24.8,80,90,9.22,light snow
256,Mednogorsk,RU,51.4128,57.595,19.26,95,97,7.38,overcast clouds
257,Apiai,BR,-24.5094,-48.8425,64.56,99,83,3.47,broken clouds
258,Kajaani,FI,64.2273,27.7285,33.8,86,0,11.5,clear sky
259,Vilyuysk,RU,63.7553,121.6247,-10.79,100,100,1.83,overcast clouds
260,Arona,ES,28.0996,-16.681,68.0,52,0,10.36,clear sky
261,Bethel,US,41.3712,-73.414,51.01,92,100,3.0,moderate rain
262,San Vicente,AR,-26.6167,-54.1333,65.98,99,88,2.57,light rain
263,Beberibe,BR,-4.1797,-38.1306,80.01,89,20,4.61,few clouds
264,Hambantota,LK,6.1241,81.1185,77.77,82,100,9.78,heavy intensity rain
265,Sisimiut,GL,66.9395,-53.6735,0.28,92,100,12.28,overcast clouds
266,Mount Isa,AU,-20.7333,139.5,84.2,34,40,12.66,scattered clouds
267,Srednekolymsk,RU,67.45,153.6833,-2.94,87,100,3.65,overcast clouds
268,Salinas,US,36.6777,-121.6555,64.4,34,1,12.66,clear sky
269,Lebu,CL,-37.6167,-73.65,54.73,67,8,18.43,clear sky
270,Gizo,SB,-8.103,156.8419,84.58,68,99,6.17,overcast clouds
271,Kaiyuan,CN,23.6977,103.3037,58.19,84,1,5.59,clear sky
272,Kizilskoye,RU,52.7255,58.8937,15.33,99,72,3.13,broken clouds
273,Iquitos,PE,-3.7481,-73.2472,80.6,83,40,1.14,scattered clouds
274,Ambilobe,MG,-13.2,49.05,75.06,93,88,1.9,overcast clouds
275,Agucadoura,PT,41.4318,-8.7804,48.99,93,0,5.97,clear sky
276,Kovur,IN,14.4833,79.9833,71.91,88,4,5.37,clear sky
277,Bridlington,GB,54.0831,-0.1919,45.0,73,62,8.01,broken clouds
278,Gambela,ET,8.25,34.5833,80.11,52,9,3.36,clear sky
279,Ilulissat,GL,69.2167,-51.1,-2.2,71,90,10.36,overcast clouds
280,Usogorsk,RU,63.4106,48.6872,34.27,92,100,11.9,overcast clouds
281,Guanica,PR,17.9716,-66.908,73.0,81,40,5.99,scattered clouds
282,Sur,OM,22.5667,59.5289,75.87,58,0,6.98,clear sky
283,Vanimo,PG,-2.6741,141.3028,84.43,67,100,1.12,overcast clouds
284,Vagur,FO,61.4732,-6.8119,42.64,76,27,16.33,scattered clouds
285,Saint-Augustin,CA,51.226,-58.6502,28.83,97,100,2.84,overcast clouds
286,Nanakuli,US,21.3906,-158.1547,80.6,83,75,9.22,light rain
287,Upernavik,GL,72.7868,-56.1549,-23.35,94,91,4.63,overcast clouds
288,Tautira,PF,-17.7333,-149.15,89.6,58,40,4.61,light rain
289,Marystown,CA,47.1666,-55.1483,39.42,77,48,2.95,scattered clouds
290,Mosquera,CO,4.7059,-74.2302,55.4,94,40,6.91,scattered clouds
291,Narsaq,GL,60.9167,-46.05,19.4,53,90,14.97,overcast clouds
292,Merke,KZ,42.8728,73.1786,50.05,52,57,10.2,broken clouds
293,Yumen,CN,40.2833,97.2,44.35,23,100,15.61,overcast clouds
294,San Carlos Del Zulia,VE,9.0,-71.9135,77.52,85,89,5.84,overcast clouds
295,Nara,JP,34.6851,135.8049,57.99,72,75,3.44,heavy intensity rain
296,Katsuura,JP,35.1333,140.3,62.01,61,100,5.99,overcast clouds
297,Kavieng,PG,-2.5744,150.7967,83.43,72,93,10.29,overcast clouds
298,Ponta Delgada,PT,37.7333,-25.6667,55.4,76,20,6.91,few clouds
299,Praya,CV,14.9215,-23.5087,68.0,77,0,17.27,clear sky
300,Sao Filipe,CV,14.8961,-24.4956,73.0,68,9,16.75,clear sky
301,Sabha,LY,27.0377,14.4283,51.53,40,0,10.22,clear sky
302,Langsa,ID,4.4683,97.9683,74.43,91,99,2.82,overcast clouds
303,Port Lincoln,AU,-34.7333,135.8667,65.05,55,12,12.77,few clouds
304,Grand-Santi,GF,4.25,-54.3833,71.85,96,66,1.81,light rain
305,Carnarvon,AU,-24.8667,113.6333,73.4,73,75,18.41,broken clouds
306,Wattegama,LK,6.7989,81.4808,73.38,91,100,3.13,moderate rain
307,Pundaguitan,PH,6.3711,126.1689,81.25,77,95,11.56,overcast clouds
308,Charters Towers,AU,-20.1,146.2667,82.44,50,85,10.49,overcast clouds
309,Fukue,JP,32.6881,128.8419,57.2,94,20,3.44,few clouds
310,General Pico,AR,-35.6566,-63.7568,71.85,50,0,7.36,clear sky
311,Aksarka,RU,66.5606,67.7975,8.98,94,51,9.13,broken clouds
312,Grindavik,IS,63.8424,-22.4338,28.4,93,75,4.61,broken clouds
313,Linhares,BR,-19.3911,-40.0722,72.79,88,14,0.67,few clouds
314,Lima,PE,-12.0432,-77.0282,73.4,68,0,11.5,moderate rain
315,Geraldton,AU,-28.7667,114.6,62.6,63,0,10.36,clear sky
316,Elizabeth City,US,36.2946,-76.2511,66.2,77,1,11.5,clear sky
317,Port Elizabeth,ZA,-33.918,25.5701,68.0,83,0,8.05,clear sky
318,Whitehorse,CA,60.7161,-135.0538,25.0,42,75,3.44,broken clouds
319,Haines Junction,CA,60.7522,-137.5108,30.2,31,91,3.44,overcast clouds
320,Shache,CN,38.4167,77.2406,50.49,31,89,4.38,overcast clouds
321,Araouane,ML,18.9048,-3.5265,71.92,8,14,13.98,few clouds
322,Maneadero,MX,31.7167,-116.5667,62.01,74,0,4.0,clear sky
323,Kuah,MY,6.3265,99.8432,77.0,94,20,7.54,few clouds
324,Amahai,ID,-3.3333,128.9167,83.64,70,95,1.59,light rain
325,Valparaiso,CL,-33.0393,-71.6273,62.6,82,0,11.5,clear sky
326,Vila Do Maio,CV,15.1333,-23.2167,68.0,77,0,17.27,clear sky
327,Hammerfest,NO,70.6634,23.6821,37.4,70,40,5.75,light rain
328,Bontang,ID,0.1333,117.5,78.37,84,98,3.96,overcast clouds
329,Vila Franca Do Campo,PT,37.7167,-25.4333,55.4,76,20,6.91,few clouds
330,Paraiso,CR,9.8383,-83.8656,77.0,73,75,8.05,broken clouds
331,Vardo,NO,70.3705,31.1107,37.4,70,40,17.27,scattered clouds
332,Baracoa,CU,20.3467,-74.4958,75.88,85,22,6.76,few clouds
333,Conakry,GN,9.538,-13.6773,78.84,68,99,4.56,overcast clouds
334,Limoeiro Do Norte,BR,-5.1456,-38.0981,74.8,93,52,5.7,moderate rain
335,Saint-Francois,FR,46.4154,3.9054,44.01,87,0,3.44,clear sky
336,Richards Bay,ZA,-28.783,32.0377,69.53,67,100,3.56,overcast clouds
337,Joshimath,IN,30.5667,79.5667,40.24,47,14,9.22,few clouds
338,Varkaus,FI,62.3153,27.873,36.0,93,90,8.05,overcast clouds
339,Waingapu,ID,-9.6567,120.2641,80.96,79,14,1.86,few clouds
340,Balykshi,KZ,47.0667,51.8667,42.8,87,75,22.37,mist
341,Phan Thiet,VN,10.9333,108.1,78.26,76,99,8.14,overcast clouds
342,Broken Hill,AU,-31.95,141.4333,64.4,63,75,18.41,broken clouds
343,Keetmanshoop,NA,-26.5833,18.1333,72.97,48,0,8.57,clear sky
344,Marquette,US,46.5333,-87.6335,48.99,89,99,4.0,light rain
345,Termiz,UZ,37.2242,67.2783,66.2,27,40,11.5,scattered clouds
346,Yenotayevka,RU,47.2456,47.0281,35.01,94,100,17.13,light snow
347,Kaimganj,IN,27.5667,79.35,68.61,31,0,8.75,clear sky
348,Marsa Matruh,EG,31.3525,27.2453,53.6,66,0,9.22,clear sky
349,Giyon,ET,8.5333,37.9833,60.1,22,1,9.06,clear sky
350,Lakatoro,VU,-16.0999,167.4164,82.8,74,98,8.93,overcast clouds
351,Cherskiy,RU,68.75,161.3,0.59,90,100,4.92,overcast clouds
352,Cao Bang,VN,22.6667,106.25,65.89,92,100,2.73,overcast clouds
353,Fort Nelson,CA,58.8053,-122.7002,21.2,53,75,6.91,broken clouds
354,Xining,CN,36.6167,101.7667,40.1,37,100,1.99,overcast clouds
355,Amontada,BR,-3.3617,-39.8317,74.07,94,100,3.53,overcast clouds
356,Malm,NO,64.0721,11.2172,39.0,81,75,6.91,broken clouds
357,Nizwa,OM,22.9333,57.5333,69.84,52,4,2.19,clear sky
358,Lingao,CN,19.9103,109.6859,71.62,89,62,11.65,broken clouds
359,Avera,US,33.194,-82.5271,69.8,83,90,6.42,overcast clouds
360,Flin Flon,CA,54.7682,-101.865,21.2,42,90,11.5,overcast clouds
361,Umba,RU,66.6871,34.3429,33.66,83,68,17.18,broken clouds
362,Petropavlovsk-Kamchatskiy,RU,53.0452,158.6483,26.6,68,40,11.18,scattered clouds
363,Nkayi,CG,-4.1841,13.2884,71.71,96,100,3.04,overcast clouds
364,Caborca,MX,30.5838,-111.101,69.01,27,82,11.01,broken clouds
365,Mirante Do Paranapanema,BR,-22.2919,-51.9064,84.2,51,0,3.44,clear sky
366,Kashi,CN,39.4547,75.9797,51.8,16,0,13.42,clear sky
367,Beyneu,KZ,45.3167,55.2,52.68,87,83,13.91,broken clouds
368,Karratha,AU,-20.7377,116.8463,84.18,57,6,5.26,clear sky
369,Dhaka,BD,23.7104,90.4074,80.6,74,20,4.61,haze
370,Sebring,US,27.4956,-81.4409,78.8,53,1,5.75,clear sky
371,Namibe,AO,-15.1961,12.1522,72.75,81,100,4.0,light rain
372,Dolores,AR,-36.3132,-57.6792,66.36,85,80,9.06,broken clouds
373,Tete,MZ,-16.1564,33.5867,71.76,86,40,3.24,scattered clouds
374,Montecristi,EC,-1.05,-80.6667,80.6,74,20,6.91,few clouds
375,San Pedro,PH,14.35,121.0167,84.0,74,20,3.44,few clouds
376,Conceicao Do Araguaia,BR,-8.2578,-49.2647,74.37,90,82,2.33,heavy intensity rain
377,Hadejia,NG,12.4498,10.0444,81.88,17,58,9.48,broken clouds
378,Nioki,CD,-2.7167,17.6833,70.25,98,100,1.83,light rain
379,Winter Garden,US,28.5653,-81.5862,77.0,62,96,3.76,overcast clouds
380,Walvis Bay,NA,-22.9575,14.5053,62.6,88,34,5.75,scattered clouds
381,Barcelos,PT,41.5388,-8.6151,48.99,93,0,3.44,clear sky
382,Tadine,NC,-21.55,167.8833,79.03,63,56,9.37,broken clouds
383,Seoul,KR,37.5683,126.9778,50.0,87,0,1.14,clear sky
384,Sijunjung,ID,-0.6876,100.9537,72.14,98,100,0.31,overcast clouds
385,Cumberland,US,35.0502,-78.8664,71.6,56,1,5.75,clear sky
386,Liepaja,LV,56.5419,21.0367,39.2,93,90,9.22,overcast clouds
387,Voloshka,RU,61.3314,40.0858,35.51,92,99,11.52,overcast clouds
388,Paso De Los Toros,UY,-32.8167,-56.5167,72.68,66,62,10.33,broken clouds
389,Kenai,US,60.5544,-151.2583,37.4,86,90,10.36,overcast clouds
390,Rwamagana,RW,-1.9487,30.4347,66.2,82,40,2.3,scattered clouds
391,Praia Da Vitoria,PT,38.7333,-27.0667,53.6,82,0,3.87,clear sky
392,Bay City,US,43.5945,-83.8889,64.4,52,75,13.8,broken clouds
393,Tutin,RS,42.9903,20.3314,15.44,94,64,5.17,broken clouds
394,Jiazi,CN,22.8779,116.067,67.19,64,0,12.57,clear sky
395,Marsabit,KE,2.3284,37.9899,67.55,44,82,8.01,broken clouds
396,Luderitz,NA,-26.6481,15.1594,64.35,83,0,7.02,clear sky
397,Bandarbeyla,SO,9.4942,50.8122,75.47,63,1,5.37,clear sky
398,Hastings,GB,50.8552,0.5729,48.0,80,100,1.99,overcast clouds
399,Hualmay,PE,-11.0964,-77.6139,71.42,79,78,10.67,broken clouds
400,Gayny,RU,60.3071,54.3241,30.69,94,90,7.67,overcast clouds
401,Hofn,IS,64.2539,-15.2082,35.87,66,100,8.48,overcast clouds
402,Vostok,RU,46.4856,135.8833,29.35,73,47,2.84,scattered clouds
403,Naron,ES,43.5167,-8.1528,52.0,100,0,4.61,clear sky
404,San Rafael,AR,-34.6177,-68.3301,68.49,36,0,8.48,clear sky
405,Ca Mau,VN,9.1769,105.15,81.23,73,97,10.85,overcast clouds
406,Anadyr,RU,64.75,177.4833,8.6,78,20,17.9,snow
407,Kaeo,NZ,-35.1,173.7833,73.0,65,0,7.0,clear sky
408,Quang Ngai,VN,15.1167,108.8,75.09,88,100,1.79,overcast clouds
409,Broome,US,42.2506,-75.833,54.0,87,90,11.5,overcast clouds
410,Ahipara,NZ,-35.1667,173.1667,70.29,53,0,2.62,clear sky
411,Ballangen,NO,68.3428,16.8315,37.99,100,100,14.97,light rain
412,Krasnyy Kholm,RU,58.0607,37.1203,29.23,94,30,8.01,scattered clouds
413,Luba,GQ,3.4568,8.5547,73.4,94,75,6.91,light rain
414,Lensk,RU,60.7253,114.9278,6.53,96,98,3.29,overcast clouds
415,Khasan,RU,42.4308,130.6434,40.15,78,46,0.2,scattered clouds
416,Piacabucu,BR,-10.4056,-36.4344,78.85,71,8,10.25,clear sky
417,Arman,RU,59.7,150.1667,7.0,65,41,8.79,scattered clouds
418,Sibolga,ID,1.7427,98.7792,75.72,87,100,3.67,overcast clouds
419,Sherbakul,RU,54.6316,72.3963,24.8,86,75,11.18,broken clouds
420,Lake Havasu City,US,34.4839,-114.3224,73.4,10,1,14.97,clear sky
421,Akureyri,IS,65.6835,-18.0878,33.8,55,75,8.05,broken clouds
422,Turiacu,BR,-1.6633,-45.3717,74.43,94,100,4.09,overcast clouds
423,Tazovskiy,RU,67.4667,78.7,0.68,100,93,7.4,overcast clouds
424,Chadiza,ZM,-14.0678,32.4392,61.36,99,20,3.44,few clouds
425,Tsaratanana,MG,-16.7833,47.65,73.02,96,88,0.27,overcast clouds
426,Thinadhoo,MV,0.5333,72.9333,81.46,74,99,10.89,overcast clouds
427,Borogontsy,RU,62.6683,131.1683,-10.57,97,100,3.36,overcast clouds
428,Taybad,IR,34.74,60.7756,67.96,21,81,8.14,broken clouds
429,North Platte,US,41.1239,-100.7654,48.2,46,20,4.61,few clouds
430,Fairbanks,US,64.8378,-147.7164,27.0,93,90,4.16,light snow
431,Berlevag,NO,70.8578,29.0864,33.22,79,74,28.92,broken clouds
432,Umm Lajj,SA,25.0213,37.2685,71.69,35,1,15.32,clear sky
433,Leningradskiy,RU,69.3833,178.4167,-3.87,93,100,13.87,overcast clouds
434,Princeton,US,25.5384,-80.4089,78.8,73,1,8.05,clear sky
435,Tuktoyaktuk,CA,69.4541,-133.0374,3.2,72,75,6.91,broken clouds
436,Biak,ID,-0.9131,122.8766,79.0,80,100,0.16,overcast clouds
437,Saldanha,ZA,-33.0117,17.9442,71.6,60,3,4.61,clear sky
438,Pangnirtung,CA,66.1451,-65.7125,-23.69,98,100,1.79,overcast clouds
439,Roebourne,AU,-20.7833,117.1333,83.77,57,6,5.37,clear sky
440,Bonthe,SL,7.5264,-12.505,78.1,81,99,4.74,overcast clouds
441,Moree,AU,-29.4667,149.85,71.6,60,0,10.36,clear sky
442,Dhidhdhoo,MV,6.8833,73.1,82.36,74,98,5.5,overcast clouds
443,Mbale,UG,1.0821,34.175,68.47,61,26,2.53,scattered clouds
444,Lai,TD,9.3952,16.2989,83.7,48,97,6.22,overcast clouds
445,Sao Francisco,BR,-15.9486,-44.8644,73.96,55,89,4.5,overcast clouds
446,Surt,LY,31.2089,16.5887,57.74,53,64,16.49,broken clouds
447,Albury,AU,-36.0833,146.9167,64.99,88,75,14.97,broken clouds
448,Tignere,CM,7.3667,12.65,67.37,84,100,4.83,overcast clouds
449,Pauini,BR,-7.7136,-66.9764,73.22,96,89,3.09,overcast clouds
450,Sobolevo,RU,54.4299,31.8996,20.93,94,63,3.49,broken clouds
451,Prince George,CA,53.9166,-122.753,43.0,65,90,5.75,overcast clouds
452,Ketchikan,US,55.3422,-131.6461,42.8,70,90,13.8,overcast clouds
453,Chake Chake,TZ,-5.2459,39.7666,78.55,77,25,2.51,scattered clouds
454,Punta Umbria,ES,37.1821,-6.9661,54.0,74,5,4.81,clear sky
455,Evensk,RU,61.95,159.2333,11.39,90,100,4.5,light snow
456,Zyryanovsk,KZ,49.7386,84.2719,10.36,96,100,1.23,overcast clouds
457,Erfurt,DE,50.9833,11.0333,42.01,75,0,10.36,clear sky
458,Whyalla,AU,-33.0333,137.5833,64.4,63,2,12.66,clear sky
459,Bilsanda,IN,28.25,79.95,65.12,32,0,8.16,clear sky
460,Lagoa,PT,39.05,-27.9833,56.35,64,22,2.46,few clouds
461,Beidao,CN,34.5686,105.8933,54.81,62,87,8.95,overcast clouds
462,Odweyne,SO,9.4092,45.064,68.11,32,2,3.13,clear sky
463,Saint-Michel-Des-Saints,CA,46.6834,-73.9159,44.01,97,100,8.59,overcast clouds
464,Komsomolskiy,UZ,40.4272,71.7189,53.6,47,11,4.61,few clouds
465,Alice Springs,AU,-23.7,133.8833,69.8,78,5,2.3,clear sky
466,Samarai,PG,-10.6167,150.6667,84.4,69,95,5.64,overcast clouds
467,Acari,PE,-15.4311,-74.6158,73.2,76,34,4.83,scattered clouds
468,Draganesti,RO,45.7833,27.4667,34.41,88,100,13.22,light snow
469,Antalaha,MG,-14.9003,50.2788,75.49,89,40,3.56,scattered clouds
470,Lashio,MM,22.9333,97.75,62.69,35,1,1.12,clear sky
471,Los Zacatones,MX,22.95,-102.05,73.4,13,75,34.52,broken clouds
472,Nukus,UZ,42.4531,59.6103,62.6,51,0,11.5,clear sky
473,Piraju,BR,-23.1936,-49.3839,73.2,78,71,5.66,moderate rain
474,Aguadilla,PR,18.4275,-67.1541,75.0,88,32,1.99,scattered clouds
475,Saint-Leu,RE,-21.15,55.2833,77.0,78,0,5.75,clear sky
476,Kota Bahru,MY,6.1333,102.2386,77.0,94,40,3.44,scattered clouds
477,Ust-Barguzin,RU,53.45,108.9833,18.23,91,84,6.67,broken clouds
478,Nizhneangarsk,RU,55.7833,109.55,17.73,88,91,4.9,overcast clouds
479,Suntar,RU,62.1444,117.6319,-1.32,99,100,2.98,overcast clouds
480,Mount Gambier,AU,-37.8333,140.7667,60.8,82,75,11.5,broken clouds
481,Kulhudhuffushi,MV,6.6221,73.07,82.58,72,98,4.59,overcast clouds
482,Buchanan,LR,5.8808,-10.0467,77.11,89,100,4.43,overcast clouds
483,Rosetta,EG,31.4044,30.4164,55.4,67,40,5.75,scattered clouds
484,Touros,BR,-5.1989,-35.4608,80.6,78,75,6.91,broken clouds
485,Kahului,US,20.8947,-156.47,82.4,65,40,9.22,scattered clouds
486,Bathsheba,BB,13.2167,-59.5167,78.8,57,20,18.41,few clouds
487,Hamilton,US,39.1834,-84.5333,71.6,40,40,14.97,scattered clouds
488,Roma,US,43.2128,-75.4557,52.0,82,90,6.91,overcast clouds
489,Taltal,CL,-25.4,-70.4833,67.32,79,28,4.12,scattered clouds
490,Usta Muhammad,PK,28.1794,68.0445,70.65,45,0,6.64,clear sky
491,Chengzihe,CN,45.3333,131.0667,35.19,73,24,3.87,few clouds
492,Zhuhai,CN,22.2769,113.5678,71.01,83,40,5.75,mist
493,Bagdarin,RU,54.4333,113.6,17.78,79,10,2.08,clear sky
494,Gatton,AU,-27.55,152.2833,78.8,53,0,8.05,clear sky
495,Ondangwa,NA,-17.9167,15.95,74.88,61,62,6.98,broken clouds
496,Buta,CD,2.7858,24.73,69.21,97,100,2.53,overcast clouds
497,Ayan,RU,56.45,138.1667,10.9,60,38,11.95,scattered clouds
498,Warmbad,NA,-28.45,18.7333,71.78,46,37,11.48,scattered clouds
499,Esna,EG,25.2934,32.554,62.6,36,0,3.44,clear sky
500,Beringovskiy,RU,63.05,179.3167,16.72,80,79,2.93,broken clouds
501,Contai,IN,21.7786,87.7536,77.14,41,5,8.84,clear sky
502,Athabasca,CA,54.7169,-113.2854,32.0,86,100,11.5,overcast clouds
503,Shenkursk,RU,62.1091,42.896,35.98,90,100,11.05,overcast clouds
504,Bullhead City,US,35.1478,-114.5683,73.99,13,40,13.8,scattered clouds
505,Awbari,LY,26.5921,12.7805,51.91,31,0,5.48,clear sky
506,Nizhniy Tsasuchey,RU,50.5167,115.1333,30.74,62,4,6.76,clear sky
507,Kampong Chhnang,KH,12.1667,104.55,80.15,68,93,6.26,overcast clouds
508,Makarska,HR,43.2969,17.0178,46.4,49,0,10.36,clear sky
509,Puerto Varas,CL,-41.3195,-72.9854,51.8,62,40,6.91,scattered clouds
510,Bac Lieu,VN,9.285,105.7244,81.18,75,97,17.56,overcast clouds
511,Bengkulu,ID,-3.8004,102.2655,76.19,82,100,3.27,overcast clouds
512,Harbin,CN,45.75,126.65,37.4,75,0,11.18,clear sky
513,Ust-Kuyga,RU,70.0167,135.6,-16.11,96,100,5.12,overcast clouds
514,Kutum,SD,14.2,24.6667,74.12,19,7,9.13,clear sky
515,Shiraz,IR,29.6036,52.5388,51.8,40,8,4.41,clear sky
516,Tamiahua,MX,21.2667,-97.45,76.57,81,3,13.62,clear sky
517,Lorengau,PG,-2.0226,147.2712,81.91,78,100,6.76,overcast clouds
518,Saint-Pierre,RE,-21.3393,55.4781,77.0,78,0,5.75,clear sky
519,Adeje,ES,28.1227,-16.726,68.0,52,0,10.36,clear sky
520,Maraa,BR,-1.8333,-65.3667,73.2,96,74,1.77,broken clouds
521,Phalodi,IN,27.1333,72.3667,69.85,27,3,6.87,clear sky
522,Jawhar,SO,2.7809,45.5005,73.53,75,1,7.16,clear sky
523,Haag,NL,52.0767,4.2986,46.0,86,100,6.49,overcast clouds
524,Cockburn Town,TC,21.4612,-71.1419,77.65,75,0,16.96,clear sky
525,Garissa,KE,-0.4536,39.6401,79.65,69,2,10.04,clear sky
526,Namatanai,PG,-3.6667,152.4333,84.04,69,71,7.34,light rain
527,Pocone,BR,-16.2567,-56.6228,80.02,58,64,5.48,broken clouds
528,Zelenoborsk,RU,61.4669,64.0333,13.53,96,77,5.39,broken clouds
529,Ternate,ID,0.8,127.4,79.16,81,100,4.16,overcast clouds
530,Ada,US,43.4166,-116.1262,46.99,36,90,5.75,overcast clouds
531,Opuwo,NA,-18.0607,13.84,67.87,88,98,3.04,moderate rain
532,San Quintin,MX,30.4833,-115.95,60.04,65,0,9.46,clear sky
533,Pringsewu,ID,-5.3582,104.9744,73.92,92,100,0.89,overcast clouds
534,Grojdibodu,RO,43.75,24.2667,32.0,86,75,6.91,broken clouds
535,Namie,JP,37.4833,141.0,53.01,82,94,8.08,overcast clouds
536,Linfen,CN,36.0889,111.5189,56.61,39,100,4.56,overcast clouds
537,Zhigansk,RU,66.7697,123.3711,-20.78,99,100,6.53,overcast clouds
538,Hovd,MN,48.0056,91.6419,28.0,28,0,6.87,clear sky
539,Road Town,VG,18.4167,-64.6167,78.8,73,75,6.91,broken clouds
540,El Sauzal,MX,31.9,-116.6833,62.01,74,0,4.0,clear sky
541,San Juan Bautista,PE,-14.0108,-75.7358,71.6,73,20,21.85,few clouds
542,Skibbereen,IE,51.55,-9.2667,41.0,100,40,9.22,scattered clouds
543,Svetlogorsk,BY,52.6333,29.7333,27.3,84,7,4.34,clear sky
544,Saint-Joseph,RE,-21.3667,55.6167,77.0,78,0,5.75,clear sky
545,Pemba,MZ,-12.974,40.5178,78.8,89,75,4.61,light rain
546,Siedlce,PL,52.1677,22.2901,39.0,79,100,4.52,overcast clouds
547,Bennettsville,US,34.6174,-79.6848,71.01,77,40,6.08,scattered clouds
548,Sungairaya,ID,0.7,108.9,76.5,88,100,2.33,overcast clouds
549,Mitzic,GA,0.7821,11.549,68.0,98,100,4.45,overcast clouds
550,Paredon,MX,16.0333,-93.8667,82.04,59,1,7.9,clear sky
551,Boralday,KZ,43.3578,76.8594,37.4,87,75,4.47,broken clouds
552,Krasnoselkup,RU,65.7,82.4667,13.93,97,92,7.43,overcast clouds
553,Qaqortoq,GL,60.7167,-46.0333,19.4,53,90,14.97,overcast clouds
554,Balabac,PH,7.9868,117.0645,82.31,79,100,13.82,overcast clouds
555,Samut Sakhon,TH,13.5833,100.3,86.0,68,99,6.6,overcast clouds
556,Plast,RU,54.3691,60.8136,17.92,89,89,5.93,overcast clouds
557,Prieska,ZA,-29.6641,22.7474,62.44,70,59,16.71,broken clouds
558,Great Yarmouth,GB,52.6083,1.7305,44.6,87,9,5.75,clear sky
559,Atar,MR,20.5169,-13.0499,80.6,15,13,5.06,few clouds
560,Husavik,IS,66.0449,-17.3389,33.8,55,75,8.05,broken clouds
561,Manggar,ID,-2.8833,108.2667,78.67,85,100,5.68,overcast clouds
562,Uhlove,UA,44.8215,33.6045,36.0,60,93,6.24,overcast clouds
563,Mnogovershinnyy,RU,53.9353,139.9242,14.07,58,4,6.11,clear sky
564,Santa Maria,BR,-29.6842,-53.8069,73.4,88,20,4.61,few clouds
565,Saquena,PE,-4.6667,-73.5167,73.87,96,64,1.61,heavy intensity rain
566,Chapaevsk,RU,52.9813,49.7112,23.0,100,100,4.47,overcast clouds
567,The Valley,AI,18.217,-63.0578,78.01,73,20,10.36,few clouds
568,Dourbali,TD,11.8091,15.8632,82.62,17,39,3.13,scattered clouds
569,Lasa,IT,46.6166,10.7002,45.0,69,0,8.05,clear sky
570,Bumba,CD,2.1833,22.4667,71.37,96,100,3.02,overcast clouds
571,Ugoofaaru,MV,5.6667,73.0,82.62,70,84,2.13,broken clouds
572,Zykovo,RU,55.9519,93.1461,28.4,69,40,11.18,scattered clouds
573,Varkkallai,IN,8.7341,76.7067,84.2,79,40,6.44,mist
574,Trois-Rivieres,CA,46.3501,-72.5491,48.2,75,100,3.44,overcast clouds
575,Banjarmasin,ID,-3.3244,114.591,78.8,94,40,4.61,scattered clouds
576,Magistralnyy,RU,56.1725,107.4458,18.09,95,96,2.53,overcast clouds
577,Springbok,ZA,-29.6643,17.8865,66.27,46,20,5.61,few clouds
578,Trelew,AR,-43.249,-65.3051,56.5,54,96,10.56,overcast clouds
579,Tocopilla,CL,-22.092,-70.1979,70.05,72,38,5.82,scattered clouds
580,George,ZA,-33.963,22.4617,60.8,100,40,3.44,scattered clouds
581,Rock Springs,US,41.5875,-109.2029,37.4,35,20,21.85,few clouds
582,Pelym,RU,61.0108,61.9978,10.98,96,32,4.14,scattered clouds
583,Cordele,US,31.9635,-83.7824,71.01,77,1,4.61,clear sky
584,Jonesboro,US,35.8423,-90.7043,71.6,40,1,9.22,clear sky
585,Rawson,AR,-43.3002,-65.1023,57.0,55,98,10.8,overcast clouds
586,Kununurra,AU,-15.7667,128.7333,82.4,100,100,2.3,overcast clouds
587,Chama,CH,47.1821,8.4636,39.2,81,8,4.5,clear sky
588,Preetz,DE,54.2333,10.2833,42.8,87,40,21.85,scattered clouds
589,Carbonia,IT,39.1672,8.5222,46.99,93,0,3.44,clear sky
590,Marrakesh,MA,31.6315,-8.0083,59.0,47,0,4.61,clear sky
591,El Alto,PE,-4.2714,-81.2147,77.0,73,0,8.05,clear sky
592,Port Macquarie,AU,-31.4333,152.9167,80.01,54,0,3.0,clear sky
593,Mayna,RU,54.1135,47.6231,12.49,97,58,2.55,broken clouds
594,Milkovo,RU,54.7167,158.6167,25.03,60,36,16.22,scattered clouds
595,Bhatkal,IN,13.9667,74.5667,78.82,82,87,3.2,overcast clouds
596,Casino,AU,-28.8667,153.05,78.01,57,0,11.5,clear sky
597,San Policarpo,PH,12.1791,125.5072,80.33,84,86,13.44,overcast clouds
598,Lompoc,US,34.6391,-120.4579,63.0,42,20,14.97,few clouds
599,Rupert,US,42.6191,-113.6772,44.6,31,90,16.11,overcast clouds
600,Sharan,RU,54.8167,54.0,13.26,99,61,0.74,broken clouds
601,Villa Carlos Paz,AR,-31.4241,-64.4978,71.01,94,55,1.01,light rain
602,Lumeje,AO,-11.55,20.7833,66.36,92,90,3.76,overcast clouds
603,Sakaiminato,JP,35.55,133.2333,53.6,87,75,3.44,broken clouds
604,Cap Malheureux,MU,-19.9842,57.6142,77.0,87,65,8.3,broken clouds
605,Ozinki,RU,51.1786,49.6769,28.22,89,99,19.89,overcast clouds
606,Collie,AU,-33.3667,116.15,56.19,73,7,2.1,clear sky
607,Mogadishu,SO,2.0371,45.3438,77.81,78,0,13.22,clear sky
608,Kidal,ML,18.4411,1.4078,74.55,7,5,15.19,clear sky
609,Cap-Aux-Meules,CA,47.3821,-61.8597,33.8,86,100,5.75,overcast clouds
610,Lloro,CO,5.4961,-76.5495,73.76,97,98,2.77,moderate rain
611,North Bend,US,43.4065,-124.2243,48.99,93,90,9.22,mist
612,Khandyga,RU,62.6667,135.6,-8.28,93,100,2.53,overcast clouds
613,Pokhara,NP,28.2333,83.9833,62.17,24,0,7.65,clear sky
614,Markapur,IN,15.7333,79.2833,74.82,57,3,1.1,clear sky
615,Oliveira,BR,-20.6964,-44.8272,68.65,83,99,4.14,overcast clouds
616,Yambio,SS,4.5721,28.3955,73.67,65,63,3.0,broken clouds
617,Mayo,US,38.8876,-76.5119,57.99,100,90,8.05,overcast clouds
618,Genhe,CN,50.7833,121.5167,25.02,85,100,1.68,overcast clouds
619,Nizhneudinsk,RU,54.9076,99.0276,29.98,66,100,12.41,overcast clouds
620,Axim,GH,4.8699,-2.2405,79.81,86,99,6.55,overcast clouds
621,Aden,YE,12.7794,45.0367,78.51,65,3,8.03,clear sky
622,Isiro,CD,2.7739,27.616,69.85,71,81,2.55,broken clouds
623,Port Augusta,AU,-32.5,137.7667,64.99,63,1,12.66,clear sky
624,Puri,IN,19.8,85.85,75.2,69,40,4.61,haze
625,Pahrump,US,36.2083,-115.9839,64.99,13,51,5.01,broken clouds
626,Outjo,NA,-20.1167,16.15,67.53,78,92,1.43,overcast clouds
627,Sayhat,SA,26.4852,50.0405,77.0,47,0,14.97,clear sky
628,Quesada,CR,10.3238,-84.4271,77.0,65,75,5.75,broken clouds
629,Taoudenni,ML,22.6783,-3.9836,68.77,12,0,12.35,clear sky
630,Buin,CL,-33.7333,-70.75,66.99,55,0,14.97,clear sky
631,Obo,CF,5.3998,26.4869,73.51,69,99,2.44,overcast clouds
632,Pangai,TO,-19.8,-174.35,75.2,94,75,9.22,light rain
633,Chabahar,IR,25.2919,60.643,73.15,68,0,2.84,clear sky
634,Oil City,US,41.4339,-79.7064,66.2,52,40,9.22,scattered clouds
635,Las Palmas,ES,28.4204,-14.0131,69.8,43,0,8.05,clear sky
636,Acapulco,MX,16.8634,-99.8901,82.4,65,40,8.05,scattered clouds
637,Danane,CI,7.2596,-8.155,75.24,74,100,0.65,overcast clouds
638,Sulangan,PH,11.1373,123.7228,81.36,79,88,14.41,overcast clouds
639,Katobu,ID,-4.9408,122.5276,80.83,83,46,0.69,scattered clouds
640,Kedrovyy,RU,56.1667,91.8167,28.4,69,40,11.18,light snow
641,Boca Do Acre,BR,-8.7522,-67.3978,74.03,95,88,2.82,overcast clouds
642,Birnin Kebbi,NG,12.4539,4.1975,83.68,10,98,4.97,overcast clouds
643,Oda,JP,35.1833,132.5,51.8,93,75,2.3,broken clouds
644,Prince Rupert,CA,54.3161,-130.3201,42.8,75,90,20.71,light rain
645,San Marcos,US,33.1434,-117.1661,66.0,51,1,11.5,clear sky
646,Nouadhibou,MR,20.931,-17.0347,64.4,94,75,13.8,broken clouds
647,Ulladulla,AU,-35.35,150.4667,75.2,57,75,14.97,light rain
648,Bereda,ES,43.2686,-7.5406,36.0,98,79,1.01,broken clouds
649,Ilhabela,BR,-23.7781,-45.3581,77.88,82,68,3.09,broken clouds
650,Nhulunbuy,AU,-12.2333,136.7667,84.2,79,20,3.44,few clouds
651,Niquero,CU,20.0431,-77.5828,78.55,74,15,10.42,few clouds
652,Gunjur,GM,13.2019,-16.7339,77.0,50,0,13.8,clear sky
653,Marienburg,PL,54.0359,19.0266,39.99,72,36,3.09,scattered clouds
654,Soconusco,MX,17.9667,-94.8667,95.0,31,1,17.27,clear sky
655,Orlik,RU,52.5178,99.825,24.75,90,99,4.59,snow
656,Neiafu,TO,-18.65,-173.9833,86.0,74,75,8.05,moderate rain
657,Dunedin,NZ,-45.8742,170.5036,57.0,91,100,5.01,overcast clouds
658,Ranong,TH,9.9658,98.6348,75.2,88,20,2.3,few clouds
659,Tiznit,MA,29.5833,-9.5,65.03,24,0,4.74,clear sky
660,Shenjiamen,CN,29.9576,122.298,53.49,82,2,8.66,clear sky
661,Isla Mujeres,MX,21.2311,-86.731,82.4,69,40,14.97,scattered clouds
662,Luanda,AO,-8.8368,13.2343,78.8,78,75,2.3,broken clouds
663,Garden City,US,42.3256,-83.331,71.6,42,75,26.46,broken clouds
664,Korsakov,RU,46.6328,142.7813,32.0,69,100,2.24,overcast clouds
665,Xingyi,CN,24.1877,102.817,52.72,83,2,2.98,clear sky
666,Altay,CN,47.8667,88.1167,21.11,59,4,7.34,clear sky
667,Agropoli,IT,40.3469,14.9966,48.99,75,3,3.0,clear sky
668,Unguia,CO,8.0434,-77.0945,77.43,85,36,5.1,scattered clouds
669,Lavrentiya,RU,65.5833,-171.0,17.58,88,73,0.25,broken clouds
670,Hervey Bay,AU,-25.2986,152.8535,80.6,50,0,5.75,clear sky
671,Payakumbuh,ID,-0.2202,100.6308,70.0,98,100,1.1,overcast clouds
672,Rybachiy,RU,48.7073,44.7449,33.8,93,75,22.37,snow
673,Pingliang,CN,35.5392,106.6861,49.57,49,95,3.58,overcast clouds
674,Makakilo City,US,21.3469,-158.0858,80.6,83,75,9.22,light rain
675,Lardos,GR,36.0942,28.0157,50.0,50,40,13.8,scattered clouds
676,Antofagasta,CL,-23.65,-70.4,64.4,77,40,12.66,scattered clouds
677,Mabaruma,GY,8.2,-59.7833,73.38,78,89,4.07,overcast clouds
678,Jiquilisco,SV,13.3167,-88.5833,89.6,55,0,5.75,clear sky
679,Mandiana,GN,10.6333,-8.6833,85.15,18,100,5.01,overcast clouds
680,Lazarev,RU,52.225,141.5131,18.54,69,2,2.53,clear sky
681,Turukhansk,RU,65.8167,87.9833,19.92,95,100,9.06,light snow
682,Tartus,SY,34.889,35.8866,57.2,44,40,13.8,light rain
683,Sistranda,NO,63.7256,8.834,41.0,81,75,16.11,light rain
684,Brekstad,NO,63.687,9.6654,41.0,81,75,16.11,broken clouds
685,Hargeysa,SO,9.56,44.065,63.09,35,2,5.37,clear sky
686,Kautokeino,NO,69.0125,23.0412,34.84,76,88,35.12,overcast clouds
687,Santa Cruz,BO,-17.8,-63.1667,77.0,83,40,6.91,scattered clouds
688,Ngaoundere,CM,7.3167,13.5833,66.96,88,100,3.91,overcast clouds
689,Wajid,SO,3.8093,43.2471,76.41,29,1,11.74,clear sky
690,Wanning,CN,18.8003,110.3967,73.92,89,69,7.25,broken clouds
691,Pandan,PH,14.0453,124.1694,82.29,73,81,11.34,broken clouds
692,Quelimane,MZ,-17.8786,36.8883,75.2,94,20,2.3,light rain
693,Grand Gaube,MU,-20.0064,57.6608,77.0,87,69,7.99,broken clouds
